"","Date","O1","O3","O4","O5","wood","quail","Flag"
"1","2025-12-01 (Mon)",0,NA,NA,0.01,0,0,NA
"2","2025-11-30 (Sun)",0,NA,NA,0,0,0,NA
"3","2025-11-29 (Sat)",0,NA,NA,0,0,0,NA
"4","2025-11-28 (Fri)",0,NA,NA,0,0,0,NA
"5","2025-11-27 (Thu)",0,NA,NA,0,0,0,NA
"6","2025-11-26 (Wed)",0,NA,0,0,0,0,NA
"7","2025-11-25 (Tue)",0,NA,0,0,0,0,NA
"8","2025-11-24 (Mon)",0,NA,0,0,0,0,NA
"9","2025-11-23 (Sun)",0,NA,NA,NA,0,0,NA
"10","2025-11-22 (Sat)",0,NA,NA,NA,0,0,NA
"11","2025-11-21 (Fri)",0,NA,NA,NA,0.01,0,NA
"12","2025-11-20 (Thu)",0.49,NA,NA,NA,0.45,0.05,NA
"13","2025-11-19 (Wed)",0,NA,NA,NA,0,0,NA
"14","2025-11-18 (Tue)",0.04,0.01,NA,NA,0.01,0,NA
"15","2025-11-17 (Mon)",1.06,NA,NA,NA,1.08,0.21,NA
"16","2025-11-16 (Sun)",1.37,NA,1.51,NA,1.12,0.15,"O1sdO4;O1sdwood;O1sdquail;O4sdwood;O4sdquail"
"17","2025-11-15 (Sat)",1.15,NA,0.85,NA,1.06,0.06,"woodsdquail"
"18","2025-11-14 (Fri)",0.38,NA,0.35,2.95,0.43,0.04,"O1sdO5;O4sdO5"
"19","2025-11-13 (Thu)",2.94,NA,2.55,0,3.06,1.94,"O5sdwood;O5sdquail"
"20","2025-11-12 (Wed)",0,0,0,0,0,0,NA
"21","2025-11-11 (Tue)",0,0,NA,0,0,0,NA
"22","2025-11-10 (Mon)",0,0,NA,0,0,0,NA
"23","2025-11-09 (Sun)",0,0,NA,0,0,0,NA
"24","2025-11-08 (Sat)",0,0,NA,0,0,0,NA
"25","2025-11-07 (Fri)",0,0,NA,0,0,0,NA
"26","2025-11-06 (Thu)",0,NA,NA,0,0,0,NA
"27","2025-11-05 (Wed)",0.01,NA,NA,0.01,0,0,NA
"28","2025-11-04 (Tue)",0.01,NA,NA,0,0,0,NA
"29","2025-11-03 (Mon)",0.01,NA,0,0.01,0.01,0.01,NA
"30","2025-11-02 (Sun)",0,NA,0,0,0,0,NA
"31","2025-11-01 (Sat)",0,0,0,0,0,0,NA
"32","2025-10-31 (Fri)",0,NA,0,0,0,0,NA
"33","2025-10-30 (Thu)",0,NA,0,0,0,0,NA
"34","2025-10-29 (Wed)",0,0,0,0,0,0,NA
"35","2025-10-28 (Tue)",0,0,0,0,0,0,NA
"36","2025-10-27 (Mon)",0,0,NA,0,0,0,NA
"37","2025-10-26 (Sun)",0,0,0,0,0,0,NA
"38","2025-10-25 (Sat)",0,0,0,0,0,0,NA
"39","2025-10-24 (Fri)",0,0,0,0,0,0,NA
"40","2025-10-23 (Thu)",0,0,0,0,0,0,NA
"41","2025-10-22 (Wed)",0,0,0,0,0,0,NA
"42","2025-10-21 (Tue)",0,0,0,0,0,0,NA
"43","2025-10-20 (Mon)",0,0,0,0,0,0,NA
"44","2025-10-19 (Sun)",0,0,0,0,0,0,NA
"45","2025-10-18 (Sat)",0,0,0,0,0,0,NA
"46","2025-10-17 (Fri)",0,0,0,0,0,0,NA
"47","2025-10-16 (Thu)",0,0,0,0,0,0,NA
"48","2025-10-15 (Wed)",0,0.01,0,0,0,0,NA
"49","2025-10-14 (Tue)",0.8,0.88,0.92,NA,0.64,0.67,"O3sdO4"
"50","2025-10-13 (Mon)",0.38,0.48,0.44,NA,0.22,0.27,"O1sdO3"
"51","2025-10-12 (Sun)",0,0,0,NA,0,0,NA
"52","2025-10-11 (Sat)",0,0,0,NA,0,0,NA
"53","2025-10-10 (Fri)",0,0,0,NA,0.01,0,NA
"54","2025-10-09 (Thu)",0.01,0.01,0.01,NA,0,0.01,NA
"55","2025-10-08 (Wed)",0.01,0,0,NA,0.01,0,NA
"56","2025-10-07 (Tue)",0.01,0.01,0.01,NA,0,0,NA
"57","2025-10-06 (Mon)",0,0,0,NA,0,0,NA
"58","2025-10-05 (Sun)",0,0,0,NA,0,0,NA
"59","2025-10-04 (Sat)",0,0,0,NA,0,0,NA
"60","2025-10-03 (Fri)",0,0,0,NA,0,0,NA
"61","2025-10-02 (Thu)",0,0,0,NA,0,0,NA
"62","2025-10-01 (Wed)",0.01,0.01,0,NA,0,0,NA
"63","2025-09-30 (Tue)",0,0,0,NA,0,0,NA
"64","2025-09-29 (Mon)",0.01,0,0,NA,0,0,NA
"65","2025-09-28 (Sun)",0,0,0,NA,0,0,NA
"66","2025-09-27 (Sat)",0.03,0.03,0.03,NA,0.01,0.01,NA
"67","2025-09-26 (Fri)",0,0,0,NA,0,0,NA
"68","2025-09-25 (Thu)",0,0.01,0,NA,0,0,NA
"69","2025-09-24 (Wed)",0.01,0.01,0.08,NA,0.02,0,"O3sdO4"
"70","2025-09-23 (Tue)",0.49,0.45,0.37,NA,0.39,0.39,NA
"71","2025-09-22 (Mon)",0,0,0,NA,0,0,NA
"72","2025-09-21 (Sun)",0,0,0,NA,0,0,NA
"73","2025-09-20 (Sat)",0,0,0,NA,0,0,NA
"74","2025-09-19 (Fri)",0,0,0,NA,0,0,NA
"75","2025-09-18 (Thu)",0,0,0,NA,0,0,NA
"76","2025-09-17 (Wed)",0,0,0,NA,0,0,NA
"77","2025-09-16 (Tue)",0,0,0,NA,0,0,NA
"78","2025-09-15 (Mon)",0,0,0,NA,0,0,NA
"79","2025-09-14 (Sun)",0,0,0,0,0.01,0,NA
"80","2025-09-13 (Sat)",0,0,0,0,0,0,NA
"81","2025-09-12 (Fri)",0,0,0,0,0,0,NA
"82","2025-09-11 (Thu)",0,0,0,0,0,0,NA
"83","2025-09-10 (Wed)",0,0,0,0,0,0,NA
"84","2025-09-09 (Tue)",0,0,0,0,0,0,NA
"85","2025-09-08 (Mon)",0.01,0,0,0,0,0,NA
"86","2025-09-07 (Sun)",0,0,0,0,0,0,NA
"87","2025-09-06 (Sat)",0.01,0,0,0,0,0,NA
"88","2025-09-05 (Fri)",0,0,0,0,0,0,NA
"89","2025-09-04 (Thu)",0,0,0,0,0,0,NA
"90","2025-09-03 (Wed)",0,0,0,0,0,0,NA
"91","2025-09-02 (Tue)",0,0,0,0,0,0,NA
"92","2025-09-01 (Mon)",0,0,0,0,0,0.01,NA
"93","2025-08-31 (Sun)",0,0,0,0,0,0,NA
"94","2025-08-30 (Sat)",0,0,0,0,0,0,NA
"95","2025-08-29 (Fri)",0,0,0,0,0,0,NA
"96","2025-08-28 (Thu)",0,0,0,0,0,0,NA
"97","2025-08-27 (Wed)",0.01,0,0,0,0,0,NA
"98","2025-08-26 (Tue)",0,0,0,0,0,0,NA
"99","2025-08-25 (Mon)",0,0,0,0,0,0,NA
"100","2025-08-24 (Sun)",0,0,0,0,0,0,NA
"101","2025-08-23 (Sat)",0,0,0,0,0,0,NA
"102","2025-08-22 (Fri)",0,0,0,0,0,0,NA
"103","2025-08-21 (Thu)",0,0,0,0,0,0,NA
"104","2025-08-20 (Wed)",0,0,0,0,0,0,NA
"105","2025-08-19 (Tue)",0,0,0,0,0,0,NA
"106","2025-08-18 (Mon)",0,0,0,0,0,0,NA
"107","2025-08-17 (Sun)",0,0,0,0,0,0,NA
"108","2025-08-16 (Sat)",0.01,0,0,0,0,0,NA
"109","2025-08-15 (Fri)",0,0,0,0,0,0,NA
"110","2025-08-14 (Thu)",0,0,0,0,0,0,NA
"111","2025-08-13 (Wed)",0,0,0,0,0,0.18,NA
"112","2025-08-12 (Tue)",0,0,0,0,0,0,NA
"113","2025-08-11 (Mon)",0,0,0,0,0,0,NA
"114","2025-08-10 (Sun)",0,0,0,0,0,0,NA
"115","2025-08-09 (Sat)",0,0,0,0,0,0,NA
"116","2025-08-08 (Fri)",0,0,0,0,0,0,NA
"117","2025-08-07 (Thu)",0,0,0,0,0,0.12,NA
"118","2025-08-06 (Wed)",0,0,0,0,0,0,NA
"119","2025-08-05 (Tue)",0,0,0,0,0,0,NA
"120","2025-08-04 (Mon)",0,0,0,0,0,0,NA
"121","2025-08-03 (Sun)",0,0,0,0,0,0,NA
"122","2025-08-02 (Sat)",0.01,0,0,0,0,0,NA
"123","2025-08-01 (Fri)",0.01,0,0,0,0,0,NA
"124","2025-07-31 (Thu)",0,0,0,0,0,0,NA
"125","2025-07-30 (Wed)",0,0,0,0,0,0,NA
"126","2025-07-29 (Tue)",0,0,0,0,0,0,NA
"127","2025-07-28 (Mon)",0,0,0,0,0,0,NA
"128","2025-07-27 (Sun)",0,0,0,0,0,0.05,NA
"129","2025-07-26 (Sat)",0,0,0,0,0,0,NA
"130","2025-07-25 (Fri)",0,0,0,0,0,0,NA
"131","2025-07-24 (Thu)",0,0,0,0,0,0,NA
"132","2025-07-23 (Wed)",0,0,0,0,0,0,NA
"133","2025-07-22 (Tue)",0,0,0,0,0,0,NA
"134","2025-07-21 (Mon)",0,0,0,0,0,0,NA
"135","2025-07-20 (Sun)",0,0,0,0,0,0.01,NA
"136","2025-07-19 (Sat)",0,0,0,0,0,0,NA
"137","2025-07-18 (Fri)",0,0,0,0,0.01,0,NA
"138","2025-07-17 (Thu)",0.01,0,0.01,0.01,0,0.01,NA
"139","2025-07-16 (Wed)",0.03,0.03,0.03,0.03,0.03,0.01,NA
"140","2025-07-15 (Tue)",0,0,0,0,0,0,NA
"141","2025-07-14 (Mon)",0.01,0.01,0,0,0,0,NA
"142","2025-07-13 (Sun)",0.01,0,0,0.01,0,0.01,NA
"143","2025-07-12 (Sat)",0,0,0,0,0,0,NA
"144","2025-07-11 (Fri)",0,0,0,0,0,0,NA
"145","2025-07-10 (Thu)",0,0,0,0,0,0,NA
"146","2025-07-09 (Wed)",0,0,0,0,0,0,NA
"147","2025-07-08 (Tue)",0.01,0,0,0,0,0,NA
"148","2025-07-07 (Mon)",0,0,0,0,0,0,NA
"149","2025-07-06 (Sun)",0,0,0,0,0,0,NA
"150","2025-07-05 (Sat)",0,0,0,0,0,0,NA
"151","2025-07-04 (Fri)",0.01,0,0,0,0,0,NA
"152","2025-07-03 (Thu)",0,0,0,0,0,0,NA
"153","2025-07-02 (Wed)",0,0,0,0,0,0,NA
"154","2025-07-01 (Tue)",0,0,0,0,0,0,NA
"155","2025-06-30 (Mon)",0,0,0,0,0,0,NA
"156","2025-06-29 (Sun)",0,0,0,0,0,0.01,NA
"157","2025-06-28 (Sat)",0,0,0,0.01,0.01,0,NA
"158","2025-06-27 (Fri)",0.01,0,0,0,0,0.01,NA
"159","2025-06-26 (Thu)",0,0,0,0,0,0,NA
"160","2025-06-25 (Wed)",0,0,0,0,0,0,NA
"161","2025-06-24 (Tue)",0,0,0,0,0,0,NA
"162","2025-06-23 (Mon)",0,0,0,0,0,0,NA
"163","2025-06-22 (Sun)",0,0,0,0,0,0,NA
"164","2025-06-21 (Sat)",0,0,0,0,0,0,NA
"165","2025-06-20 (Fri)",0,0,0,0,0,0,NA
"166","2025-06-19 (Thu)",0,0,0,0,0,0,NA
"167","2025-06-18 (Wed)",0,0,0,0,0,0,NA
"168","2025-06-17 (Tue)",0,0,0,0,0,0,NA
"169","2025-06-16 (Mon)",0,0,0,0,0,0,NA
"170","2025-06-15 (Sun)",0,0,0,0,0,0,NA
"171","2025-06-14 (Sat)",0,0,0,0,0,0,NA
"172","2025-06-13 (Fri)",0,0,0,0,0,0,NA
"173","2025-06-12 (Thu)",0,0,0,0,0,0,NA
"174","2025-06-11 (Wed)",0,0,0,0,0,0,NA
"175","2025-06-10 (Tue)",0,0,0,0,0,0,NA
"176","2025-06-09 (Mon)",0,0,0,0,0,0,NA
"177","2025-06-08 (Sun)",0,0,0,0,0,0,NA
"178","2025-06-07 (Sat)",0.01,0,0,0,0,0,NA
"179","2025-06-06 (Fri)",0.03,0.01,0.03,0.01,0.03,0.01,NA
"180","2025-06-05 (Thu)",0.04,0.05,0.05,0.05,0.03,0.03,NA
"181","2025-06-04 (Wed)",0,0,0,0,0,0,NA
"182","2025-06-03 (Tue)",0.03,0.01,0.01,0.01,0.03,0.01,NA
"183","2025-06-02 (Mon)",0.03,0.03,0.03,0.03,0.01,0.01,NA
"184","2025-06-01 (Sun)",0,0,0,0,0,0,NA
"185","2025-05-31 (Sat)",0,0,0,0,0,0,NA
"186","2025-05-30 (Fri)",0,0,0,0,0,0,NA
"187","2025-05-29 (Thu)",0,0,0,0,0,0,NA
"188","2025-05-28 (Wed)",0,0,0,0,0,0,NA
"189","2025-05-27 (Tue)",0,0,0,0,0,0,NA
"190","2025-05-26 (Mon)",0,0,0,0,0,0,NA
"191","2025-05-25 (Sun)",0,0,0,0,0,0,NA
"192","2025-05-24 (Sat)",0,0,0,0,0,0,NA
"193","2025-05-23 (Fri)",0,0,0,0,0,0,NA
"194","2025-05-22 (Thu)",0,0,0,0,0,0,NA
"195","2025-05-21 (Wed)",0,0,0,0,0,0,NA
"196","2025-05-20 (Tue)",0,0,0,0,0,0,NA
"197","2025-05-19 (Mon)",0,0,0,0,0,0,NA
"198","2025-05-18 (Sun)",0,0,0,0,0,0,NA
"199","2025-05-17 (Sat)",0,0,0,0,0,0,NA
"200","2025-05-16 (Fri)",0,0,0,0,0,0,NA
"201","2025-05-15 (Thu)",0,0,0,0,0,0,NA
"202","2025-05-14 (Wed)",0,0,0,0,0,0,NA
"203","2025-05-13 (Tue)",0,0,0,0,0,0,NA
"204","2025-05-12 (Mon)",0,0,0,0,0,0,NA
"205","2025-05-11 (Sun)",0,0,0,0,0,0,NA
"206","2025-05-10 (Sat)",0,0,0,0,0,0,NA
"207","2025-05-09 (Fri)",0,0,0,0,0,0,NA
"208","2025-05-08 (Thu)",0,0,0,0,0,0,NA
"209","2025-05-07 (Wed)",0,0,0,0,0,0,NA
"210","2025-05-06 (Tue)",0,0,0,0,0,0,NA
"211","2025-05-05 (Mon)",0,0,0,0,0,0,NA
"212","2025-05-04 (Sun)",0,0,0,0,0,0,NA
"213","2025-05-03 (Sat)",0,0,0,0,0,0,NA
"214","2025-05-02 (Fri)",0.01,0,0,0,0,0,NA
"215","2025-05-01 (Thu)",0,0,0.01,0,0,0,NA
"216","2025-04-30 (Wed)",0.01,0.01,0,0,0.01,0,NA
"217","2025-04-29 (Tue)",0,0,0,0,0,0,NA
"218","2025-04-28 (Mon)",0,0,0,0,0,0,NA
"219","2025-04-27 (Sun)",0.03,0.01,0.01,0.01,0.01,0.01,NA
"220","2025-04-26 (Sat)",0.43,0.42,0.43,0.46,0.64,0.47,NA
"221","2025-04-25 (Fri)",0,0,0,0,0,0,NA
"222","2025-04-24 (Thu)",0,0,0,0,0,0,NA
"223","2025-04-23 (Wed)",0,0,0,0,0,0,NA
"224","2025-04-22 (Tue)",0.01,0.01,0.01,0,0.01,0,NA
"225","2025-04-21 (Mon)",0.01,0,0,0,0,0,NA
"226","2025-04-20 (Sun)",0,0,0,0,0,0,NA
"227","2025-04-19 (Sat)",0,0,0,0,0,0,NA
"228","2025-04-18 (Fri)",0,0,0,0,0,0,NA
"229","2025-04-17 (Thu)",0,0,0,0,0,0,NA
"230","2025-04-16 (Wed)",0,0,0,0,0,0,NA
"231","2025-04-15 (Tue)",0,0,0,0,0,0,NA
"232","2025-04-14 (Mon)",0,0,0,0,0,0,NA
"233","2025-04-13 (Sun)",0,0,0,0,0,0,NA
"234","2025-04-12 (Sat)",0,0,0,0,0,0,NA
"235","2025-04-11 (Fri)",0,0,0,0,0,0,NA
"236","2025-04-10 (Thu)",0,0,0,0,0,0,NA
"237","2025-04-09 (Wed)",0,0,0,0,0,0,NA
"238","2025-04-08 (Tue)",0,0,0,0,0,0,NA
"239","2025-04-07 (Mon)",0,0,0,0,0,0,NA
"240","2025-04-06 (Sun)",0,0,0,0,0,0,NA
"241","2025-04-05 (Sat)",0,0,0,0,0,0,NA
"242","2025-04-04 (Fri)",0,0,0,0,0,0,NA
"243","2025-04-03 (Thu)",0,0,0,0,0,0,NA
"244","2025-04-02 (Wed)",0.08,0.11,0.09,0.12,0.07,0.05,NA
"245","2025-04-01 (Tue)",0.03,0.01,0.01,0,0,0.01,NA
"246","2025-03-31 (Mon)",0.12,0.09,0.08,0.07,0.22,0.16,NA
"247","2025-03-30 (Sun)",0.24,0.18,0.17,0.18,0.43,0.31,NA
"248","2025-03-29 (Sat)",0,0,0,0,0,0,NA
"249","2025-03-28 (Fri)",0,0,0,0,0,0,NA
"250","2025-03-27 (Thu)",0,0,0,0,0,0,NA
"251","2025-03-26 (Wed)",0.01,0,0,0,0,0,NA
"252","2025-03-25 (Tue)",0,0,0,0,0,0,NA
"253","2025-03-24 (Mon)",0,0,0,0,0,0,NA
"254","2025-03-23 (Sun)",0,0,0,0,0,0,NA
"255","2025-03-22 (Sat)",0,0,0,0,0,0,NA
"256","2025-03-21 (Fri)",0,0,0,0,0,0,NA
"257","2025-03-20 (Thu)",0,0,0,0,0,0,NA
"258","2025-03-19 (Wed)",0,0,0,0,0,0,NA
"259","2025-03-18 (Tue)",0,0,0,0.01,0,0.01,NA
"260","2025-03-17 (Mon)",0.25,0.24,0.21,0.24,0.21,0.19,NA
"261","2025-03-16 (Sun)",0,0,0,0,0,0,NA
"262","2025-03-15 (Sat)",0,0,0,0,0,0,NA
"263","2025-03-14 (Fri)",0.39,0.37,0.33,0.39,0.46,0.39,NA
"264","2025-03-13 (Thu)",0.32,0.33,0.32,0.33,0.31,0.23,NA
"265","2025-03-12 (Wed)",0.77,0.68,0.64,0.68,0.87,0.79,NA
"266","2025-03-11 (Tue)",0.07,0.03,0.04,0.04,0.09,0.08,NA
"267","2025-03-10 (Mon)",0,0,0.01,0.01,0,0,NA
"268","2025-03-09 (Sun)",0,0,0,0,0,0,NA
"269","2025-03-08 (Sat)",0,0,0,0,0,0,NA
"270","2025-03-07 (Fri)",0,0,0,0,0,0,NA
"271","2025-03-06 (Thu)",0.17,0.18,0.17,0.18,0.22,0.21,NA
"272","2025-03-05 (Wed)",0.36,0.35,0.33,0.36,0.37,0.34,NA
"273","2025-03-04 (Tue)",0,0,0,0,0,0,NA
"274","2025-03-03 (Mon)",0.09,0.09,0.09,0.09,0.09,0.08,NA
"275","2025-03-02 (Sun)",0.01,0,0,0.03,0.01,0,NA
"276","2025-03-01 (Sat)",0,0,0,0,0,0,NA
"277","2025-02-28 (Fri)",0,0,0,0,0,0,NA
"278","2025-02-27 (Thu)",0,0,0,0.18,0,NA,"O3sdO5"
"279","2025-02-26 (Wed)",NA,NA,NA,0,0,NA,NA
"280","2025-02-25 (Tue)",NA,NA,NA,0,0,NA,NA
"281","2025-02-24 (Mon)",NA,NA,NA,0,0,NA,NA
"282","2025-02-23 (Sun)",NA,NA,NA,0,0,NA,NA
"283","2025-02-22 (Sat)",NA,NA,NA,0,0,NA,NA
"284","2025-02-21 (Fri)",NA,NA,NA,0,0,NA,NA
"285","2025-02-20 (Thu)",NA,NA,NA,0,0,NA,NA
"286","2025-02-19 (Wed)",NA,NA,NA,0,0,NA,NA
"287","2025-02-18 (Tue)",NA,NA,NA,0,0,NA,NA
"288","2025-02-17 (Mon)",NA,NA,NA,0,0,NA,NA
"289","2025-02-16 (Sun)",NA,NA,NA,0,0,NA,NA
"290","2025-02-15 (Sat)",NA,NA,NA,0,0,NA,NA
"291","2025-02-14 (Fri)",NA,NA,NA,0.02,0.01,NA,NA
"292","2025-02-13 (Thu)",NA,NA,NA,1.21,1.6,NA,NA
"293","2025-02-12 (Wed)",NA,NA,NA,0.27,0.54,NA,NA
"294","2025-02-11 (Tue)",NA,NA,NA,0.01,0,NA,NA
"295","2025-02-10 (Mon)",NA,NA,NA,0,0,NA,NA
"296","2025-02-09 (Sun)",NA,NA,NA,0,0,NA,NA
"297","2025-02-08 (Sat)",NA,NA,NA,0,0,NA,NA
"298","2025-02-07 (Fri)",NA,NA,NA,0,0.02,NA,NA
"299","2025-02-06 (Thu)",NA,NA,NA,1.09,2.09,NA,NA
"300","2025-02-05 (Wed)",NA,NA,NA,0.56,1.16,NA,NA
"301","2025-02-04 (Tue)",NA,NA,NA,1.52,2.57,NA,NA
"302","2025-02-03 (Mon)",NA,NA,NA,0,0,NA,NA
"303","2025-02-02 (Sun)",NA,NA,NA,0.01,0.01,NA,NA
"304","2025-02-01 (Sat)",NA,NA,NA,0,0,NA,NA
"305","2025-01-31 (Fri)",NA,NA,NA,0,0,NA,NA
"306","2025-01-30 (Thu)",NA,NA,NA,0,0,NA,NA
"307","2025-01-29 (Wed)",NA,NA,NA,0.01,0,NA,NA
"308","2025-01-28 (Tue)",NA,NA,NA,0.54,0.01,NA,NA
"309","2025-01-27 (Mon)",NA,NA,NA,0.01,0,NA,NA
"310","2025-01-26 (Sun)",NA,NA,NA,0.63,0.66,NA,NA
"311","2025-01-25 (Sat)",NA,NA,NA,0.01,0.05,NA,NA
"312","2025-01-24 (Fri)",NA,NA,NA,0,0,NA,NA
"313","2025-01-23 (Thu)",NA,NA,NA,0,0,NA,NA
"314","2025-01-22 (Wed)",NA,NA,NA,0,0,NA,NA
"315","2025-01-21 (Tue)",NA,NA,NA,0,0,NA,NA
"316","2024-12-28 (Sat)",NA,NA,NA,0,0,NA,NA
"317","2024-12-27 (Fri)",NA,NA,NA,0.42,0.29,NA,NA
"318","2024-12-26 (Thu)",NA,NA,NA,0,0,NA,NA
"319","2024-12-25 (Wed)",NA,NA,NA,0,0,NA,NA
"320","2024-12-24 (Tue)",NA,NA,NA,0.13,0.12,NA,NA
"321","2024-12-23 (Mon)",NA,NA,NA,0,0,NA,NA
"322","2024-12-22 (Sun)",NA,NA,NA,0,0,NA,NA
"323","2024-12-21 (Sat)",NA,NA,NA,0,0,NA,NA
"324","2024-12-20 (Fri)",NA,NA,NA,0,0,NA,NA
"325","2024-12-19 (Thu)",NA,NA,NA,0,0,NA,NA
"326","2024-12-18 (Wed)",NA,NA,NA,0,0,NA,NA
"327","2024-12-17 (Tue)",NA,NA,NA,0,0,NA,NA
"328","2024-12-16 (Mon)",NA,NA,NA,0,0,NA,NA
"329","2024-12-15 (Sun)",NA,NA,NA,0,0,NA,NA
"330","2024-12-14 (Sat)",NA,NA,NA,0.08,0.18,NA,NA
"331","2024-12-13 (Fri)",NA,NA,NA,0,0,NA,NA
"332","2024-12-12 (Thu)",NA,NA,NA,0.09,0.05,NA,NA
"333","2024-12-11 (Wed)",NA,NA,NA,0,0,NA,NA
"334","2024-12-10 (Tue)",NA,NA,NA,0.01,0,NA,NA
"335","2024-12-09 (Mon)",NA,NA,NA,0,0,NA,NA
"336","2024-12-08 (Sun)",NA,NA,NA,0,0,NA,NA
"337","2024-12-07 (Sat)",NA,NA,NA,0,0,NA,NA
"338","2024-12-06 (Fri)",NA,NA,NA,0.01,0,NA,NA
"339","2024-12-03 (Tue)",NA,NA,NA,0,0,NA,NA
"340","2024-12-02 (Mon)",NA,NA,NA,0,0,NA,NA
"341","2024-12-01 (Sun)",NA,NA,NA,0,0,NA,NA
"342","2024-11-30 (Sat)",NA,NA,NA,0,0,NA,NA
"343","2024-11-29 (Fri)",NA,NA,NA,0,0,NA,NA
"344","2024-11-28 (Thu)",NA,NA,NA,0.01,0.01,NA,NA
"345","2024-11-27 (Wed)",NA,NA,NA,0.01,0,NA,NA
"346","2024-11-26 (Tue)",NA,NA,NA,0.26,0.39,NA,NA
"347","2024-11-25 (Mon)",NA,NA,NA,0.22,0.27,NA,NA
"348","2024-11-24 (Sun)",NA,NA,NA,0.01,0.01,NA,NA
"349","2024-11-23 (Sat)",NA,NA,NA,0.24,0.5,NA,NA
"350","2024-11-22 (Fri)",NA,NA,NA,0.01,0,NA,NA
"351","2024-11-21 (Thu)",NA,NA,NA,0,0,NA,NA
"352","2024-11-20 (Wed)",NA,NA,NA,0,0,NA,NA
"353","2024-11-19 (Tue)",NA,NA,NA,0,0,NA,NA
"354","2024-11-18 (Mon)",NA,NA,NA,0,0,NA,NA
"355","2024-11-17 (Sun)",NA,NA,NA,0,0,NA,NA
"356","2024-11-16 (Sat)",NA,NA,NA,0,0,NA,NA
"357","2024-11-15 (Fri)",NA,NA,NA,0,0.01,NA,NA
"358","2024-11-14 (Thu)",NA,NA,NA,0,0,NA,NA
"359","2024-11-13 (Wed)",NA,NA,NA,0,0,NA,NA
"360","2024-11-12 (Tue)",NA,NA,NA,0,0,NA,NA
"361","2024-11-11 (Mon)",NA,NA,NA,0,0,NA,NA
"362","2024-11-10 (Sun)",NA,NA,NA,0,0,NA,NA
"363","2024-11-09 (Sat)",NA,NA,NA,0,0,NA,NA
"364","2024-11-08 (Fri)",NA,NA,NA,0,0,NA,NA
"365","2024-11-07 (Thu)",NA,NA,NA,0,0,NA,NA
"366","2024-11-06 (Wed)",NA,NA,NA,0,0,NA,NA
"367","2024-11-05 (Tue)",NA,NA,NA,0,0,NA,NA
"368","2024-11-04 (Mon)",NA,NA,NA,0,0,NA,NA
"369","2024-11-03 (Sun)",NA,NA,NA,0,0,NA,NA
"370","2024-11-02 (Sat)",NA,NA,NA,0.14,0.14,NA,NA
"371","2024-11-01 (Fri)",NA,NA,NA,0,0,NA,NA
"372","2024-10-31 (Thu)",NA,NA,NA,0,0,NA,NA
"373","2024-10-30 (Wed)",NA,NA,NA,0,0,NA,NA
"374","2024-10-29 (Tue)",NA,NA,NA,0,0,NA,NA
"375","2024-10-28 (Mon)",NA,NA,NA,0,0,NA,NA
"376","2024-10-27 (Sun)",NA,NA,NA,0,0,NA,NA
"377","2024-10-26 (Sat)",NA,NA,NA,0,0,NA,NA
"378","2024-10-25 (Fri)",NA,NA,NA,0,0,NA,NA
"379","2024-10-24 (Thu)",NA,NA,NA,0,0,NA,NA
"380","2024-10-23 (Wed)",NA,NA,NA,0,0,NA,NA
"381","2024-10-22 (Tue)",NA,NA,NA,0,0,NA,NA
"382","2024-10-21 (Mon)",NA,NA,NA,0,0,NA,NA
"383","2024-10-20 (Sun)",NA,NA,NA,0,0,NA,NA
"384","2024-10-19 (Sat)",NA,NA,NA,0,0,NA,NA
"385","2024-10-18 (Fri)",NA,NA,NA,0,0,NA,NA
"386","2024-10-17 (Thu)",NA,NA,NA,0,0,NA,NA
"387","2024-10-16 (Wed)",NA,NA,NA,0,NA,NA,NA
"388","2024-10-15 (Tue)",NA,NA,NA,0.02,NA,NA,NA
"389","2024-10-14 (Mon)",NA,NA,NA,0,NA,NA,NA
"390","2024-10-13 (Sun)",NA,NA,NA,0,NA,NA,NA
"391","2024-10-12 (Sat)",NA,NA,NA,0,NA,NA,NA
"392","2024-10-11 (Fri)",NA,NA,NA,0.01,NA,NA,NA
"393","2024-10-10 (Thu)",NA,NA,NA,0,NA,NA,NA
"394","2024-10-09 (Wed)",NA,NA,NA,0,NA,NA,NA
"395","2024-10-08 (Tue)",NA,NA,NA,0.01,NA,NA,NA
"396","2024-10-07 (Mon)",NA,NA,NA,0.01,NA,NA,NA
"397","2024-10-06 (Sun)",NA,NA,NA,0,NA,NA,NA
"398","2024-10-05 (Sat)",NA,NA,NA,0,NA,NA,NA
"399","2024-10-04 (Fri)",NA,NA,NA,0,NA,NA,NA
"400","2024-10-03 (Thu)",NA,NA,NA,0,NA,NA,NA
"401","2024-10-02 (Wed)",NA,NA,NA,0,NA,NA,NA
"402","2024-10-01 (Tue)",NA,NA,NA,0,NA,NA,NA
"403","2024-09-30 (Mon)",NA,NA,NA,0,NA,NA,NA
"404","2024-09-29 (Sun)",NA,NA,NA,0.01,NA,NA,NA
"405","2024-09-28 (Sat)",NA,NA,NA,0.03,NA,NA,NA
"406","2024-09-27 (Fri)",NA,NA,NA,0.01,NA,NA,NA
"407","2024-09-26 (Thu)",NA,NA,NA,0,NA,NA,NA
"408","2024-09-25 (Wed)",NA,NA,NA,0.03,NA,NA,NA
"409","2024-09-24 (Tue)",NA,NA,NA,0,NA,NA,NA
"410","2024-09-23 (Mon)",NA,NA,NA,0,NA,NA,NA
"411","2024-09-22 (Sun)",NA,NA,NA,0,NA,NA,NA
"412","2024-09-21 (Sat)",NA,NA,NA,0.01,NA,NA,NA
"413","2024-09-20 (Fri)",NA,NA,NA,0,NA,NA,NA
"414","2024-09-19 (Thu)",NA,NA,NA,0,NA,NA,NA
"415","2024-09-18 (Wed)",NA,NA,NA,0,NA,NA,NA
"416","2024-09-17 (Tue)",NA,NA,NA,0,NA,NA,NA
"417","2024-09-16 (Mon)",NA,NA,NA,0,NA,NA,NA
"418","2024-09-15 (Sun)",NA,NA,NA,0.01,NA,NA,NA
"419","2024-09-14 (Sat)",NA,NA,NA,0.01,NA,NA,NA
"420","2024-09-13 (Fri)",NA,NA,NA,0,NA,NA,NA
"421","2024-09-12 (Thu)",NA,NA,NA,0,NA,NA,NA
"422","2024-09-11 (Wed)",NA,NA,NA,0,NA,NA,NA
"423","2024-09-10 (Tue)",NA,NA,NA,0,NA,NA,NA
"424","2024-09-09 (Mon)",NA,NA,NA,0,NA,NA,NA
"425","2024-09-08 (Sun)",NA,NA,NA,0,NA,NA,NA
"426","2024-09-07 (Sat)",NA,NA,NA,0,NA,NA,NA
"427","2024-09-06 (Fri)",NA,NA,NA,0,NA,NA,NA
"428","2024-09-05 (Thu)",NA,NA,NA,0,NA,NA,NA
"429","2024-09-04 (Wed)",NA,NA,NA,0,NA,NA,NA
"430","2024-09-03 (Tue)",NA,NA,NA,0,NA,NA,NA
"431","2024-09-02 (Mon)",NA,NA,NA,0,NA,NA,NA
"432","2024-09-01 (Sun)",NA,NA,NA,0,NA,NA,NA
"433","2024-08-31 (Sat)",NA,NA,NA,0,NA,NA,NA
"434","2024-08-30 (Fri)",NA,NA,NA,0.01,NA,NA,NA
"435","2024-08-29 (Thu)",NA,NA,NA,0,NA,NA,NA
"436","2024-08-28 (Wed)",NA,NA,NA,0,NA,NA,NA
"437","2024-08-27 (Tue)",NA,NA,NA,0,NA,NA,NA
"438","2024-08-26 (Mon)",NA,NA,NA,0,NA,NA,NA
"439","2024-08-25 (Sun)",NA,NA,NA,0,NA,NA,NA
"440","2024-08-24 (Sat)",NA,NA,NA,0,NA,NA,NA
"441","2024-08-23 (Fri)",NA,NA,NA,0,NA,NA,NA
"442","2024-08-22 (Thu)",NA,NA,NA,0,NA,NA,NA
"443","2024-08-21 (Wed)",NA,NA,NA,0,NA,NA,NA
"444","2024-08-20 (Tue)",NA,NA,NA,0,NA,NA,NA
"445","2024-08-19 (Mon)",NA,NA,NA,0,NA,NA,NA
"446","2024-08-18 (Sun)",NA,NA,NA,0,NA,NA,NA
"447","2024-08-17 (Sat)",NA,NA,NA,0,NA,NA,NA
"448","2024-08-16 (Fri)",NA,NA,NA,0,NA,NA,NA
"449","2024-08-15 (Thu)",NA,NA,NA,0,NA,NA,NA
"450","2024-08-14 (Wed)",NA,NA,NA,0,NA,NA,NA
"451","2024-08-13 (Tue)",NA,NA,NA,0,NA,NA,NA
"452","2024-08-12 (Mon)",NA,NA,NA,0,NA,NA,NA
"453","2024-08-11 (Sun)",NA,NA,NA,0,NA,NA,NA
"454","2024-08-10 (Sat)",NA,NA,NA,0,NA,NA,NA
"455","2024-08-09 (Fri)",NA,NA,NA,0,NA,NA,NA
"456","2024-08-08 (Thu)",NA,NA,NA,0,NA,NA,NA
"457","2024-08-07 (Wed)",NA,NA,NA,0,NA,NA,NA
"458","2024-08-06 (Tue)",NA,NA,NA,0,NA,NA,NA
"459","2024-08-05 (Mon)",NA,NA,NA,0,NA,NA,NA
"460","2024-08-04 (Sun)",NA,NA,NA,0,NA,NA,NA
"461","2024-08-03 (Sat)",NA,NA,NA,0,NA,NA,NA
"462","2024-08-02 (Fri)",NA,NA,NA,0,NA,NA,NA
"463","2024-08-01 (Thu)",NA,NA,NA,0,NA,NA,NA
"464","2024-07-31 (Wed)",NA,NA,NA,0,NA,NA,NA
"465","2024-07-30 (Tue)",NA,NA,NA,0,NA,NA,NA
"466","2024-07-29 (Mon)",NA,NA,NA,0,NA,NA,NA
"467","2024-07-28 (Sun)",NA,NA,NA,0,NA,NA,NA
"468","2024-07-27 (Sat)",NA,NA,NA,0,NA,NA,NA
"469","2024-07-26 (Fri)",NA,NA,NA,0,NA,NA,NA
"470","2024-07-25 (Thu)",NA,NA,NA,0,NA,NA,NA
"471","2024-07-24 (Wed)",NA,NA,NA,0,NA,NA,NA
"472","2024-07-23 (Tue)",NA,NA,NA,0,NA,NA,NA
"473","2024-07-22 (Mon)",NA,NA,NA,0,NA,NA,NA
"474","2024-07-21 (Sun)",NA,NA,NA,0,NA,NA,NA
"475","2024-07-20 (Sat)",NA,NA,NA,0,NA,NA,NA
"476","2024-07-19 (Fri)",NA,NA,NA,0,NA,NA,NA
"477","2024-07-18 (Thu)",NA,NA,NA,0,NA,NA,NA
"478","2024-07-17 (Wed)",NA,NA,NA,0,NA,NA,NA
"479","2024-07-16 (Tue)",NA,NA,NA,0,NA,NA,NA
"480","2024-07-15 (Mon)",NA,NA,NA,0,NA,NA,NA
"481","2024-07-14 (Sun)",NA,NA,NA,0,NA,NA,NA
"482","2024-07-13 (Sat)",NA,NA,NA,0,NA,NA,NA
"483","2024-07-12 (Fri)",NA,NA,NA,0,NA,NA,NA
"484","2024-07-11 (Thu)",NA,NA,NA,0,NA,NA,NA
"485","2024-07-10 (Wed)",NA,NA,NA,0,NA,NA,NA
"486","2024-07-09 (Tue)",NA,NA,NA,0.01,NA,NA,NA
"487","2024-07-08 (Mon)",NA,NA,NA,0,NA,NA,NA
"488","2024-07-07 (Sun)",NA,NA,NA,0,NA,NA,NA
"489","2024-07-06 (Sat)",NA,NA,NA,0,NA,NA,NA
"490","2024-07-05 (Fri)",NA,NA,NA,0,NA,NA,NA
"491","2024-07-04 (Thu)",NA,NA,NA,0,NA,NA,NA
"492","2024-07-03 (Wed)",NA,NA,NA,0,NA,NA,NA
"493","2024-07-02 (Tue)",NA,NA,NA,0,NA,NA,NA
"494","2024-07-01 (Mon)",NA,NA,NA,0,NA,NA,NA
"495","2024-06-30 (Sun)",NA,NA,NA,0,NA,NA,NA
"496","2024-06-29 (Sat)",NA,NA,NA,0,NA,NA,NA
"497","2024-06-28 (Fri)",NA,NA,NA,0,NA,NA,NA
"498","2024-06-27 (Thu)",NA,NA,NA,0,NA,NA,NA
"499","2024-06-26 (Wed)",NA,NA,NA,0,NA,NA,NA
"500","2024-06-25 (Tue)",NA,NA,NA,0,NA,NA,NA
"501","2024-06-24 (Mon)",NA,NA,NA,0,NA,NA,NA
"502","2024-06-23 (Sun)",NA,NA,NA,0,NA,NA,NA
"503","2024-06-22 (Sat)",NA,NA,NA,0,NA,NA,NA
"504","2024-06-21 (Fri)",NA,NA,NA,0,NA,NA,NA
"505","2024-06-20 (Thu)",NA,NA,NA,0,NA,NA,NA
"506","2024-06-19 (Wed)",NA,NA,NA,0,NA,NA,NA
"507","2024-06-18 (Tue)",NA,NA,NA,0,NA,NA,NA
"508","2024-06-17 (Mon)",NA,NA,NA,0,NA,NA,NA
"509","2024-06-16 (Sun)",NA,NA,NA,0,NA,NA,NA
"510","2024-06-15 (Sat)",NA,NA,NA,0,NA,NA,NA
"511","2024-06-14 (Fri)",NA,NA,NA,0,NA,NA,NA
"512","2024-06-13 (Thu)",NA,NA,NA,0.04,NA,NA,NA
"513","2024-06-12 (Wed)",NA,NA,NA,0.03,NA,NA,NA
"514","2024-06-11 (Tue)",NA,NA,NA,0.01,NA,NA,NA
"515","2024-06-10 (Mon)",NA,NA,NA,0,NA,NA,NA
"516","2024-06-09 (Sun)",NA,NA,NA,0,NA,NA,NA
"517","2024-06-08 (Sat)",NA,NA,NA,0.03,NA,NA,NA
"518","2024-06-07 (Fri)",NA,NA,NA,0,NA,NA,NA
"519","2024-06-06 (Thu)",NA,NA,NA,0.01,NA,NA,NA
"520","2024-06-05 (Wed)",NA,NA,NA,0,NA,NA,NA
"521","2024-06-04 (Tue)",NA,NA,NA,0,NA,NA,NA
"522","2024-06-03 (Mon)",NA,NA,NA,0,NA,NA,NA
"523","2024-06-02 (Sun)",NA,NA,NA,0,NA,NA,NA
"524","2024-06-01 (Sat)",NA,NA,NA,0,NA,NA,NA
"525","2024-05-31 (Fri)",NA,NA,NA,0.01,NA,NA,NA
"526","2024-05-30 (Thu)",NA,NA,NA,0,NA,NA,NA
"527","2024-05-29 (Wed)",NA,NA,NA,0,NA,NA,NA
"528","2024-05-28 (Tue)",NA,NA,NA,0,NA,NA,NA
"529","2024-05-27 (Mon)",NA,NA,NA,0,NA,NA,NA
"530","2024-05-26 (Sun)",NA,NA,NA,0,NA,NA,NA
"531","2024-05-25 (Sat)",NA,NA,NA,0,NA,NA,NA
"532","2024-05-24 (Fri)",NA,NA,NA,0,NA,NA,NA
"533","2024-05-23 (Thu)",NA,NA,NA,0,NA,NA,NA
"534","2024-05-22 (Wed)",NA,NA,NA,0.03,NA,NA,NA
"535","2024-05-21 (Tue)",NA,NA,NA,0,NA,NA,NA
"536","2024-05-20 (Mon)",NA,NA,NA,0,NA,NA,NA
"537","2024-05-19 (Sun)",NA,NA,NA,0,NA,NA,NA
"538","2024-05-18 (Sat)",NA,NA,NA,0,NA,NA,NA
"539","2024-05-17 (Fri)",NA,NA,NA,0,NA,NA,NA
"540","2024-05-16 (Thu)",NA,NA,NA,0,NA,NA,NA
"541","2024-05-15 (Wed)",NA,NA,NA,0,NA,NA,NA
"542","2024-05-14 (Tue)",NA,NA,NA,0,NA,NA,NA
"543","2024-05-13 (Mon)",NA,NA,NA,0,NA,NA,NA
"544","2024-05-12 (Sun)",NA,NA,NA,0,NA,NA,NA
"545","2024-05-11 (Sat)",NA,NA,NA,0.01,NA,NA,NA
"546","2024-05-10 (Fri)",NA,NA,NA,0,NA,NA,NA
"547","2024-05-09 (Thu)",NA,NA,NA,0,NA,NA,NA
"548","2024-05-08 (Wed)",NA,NA,NA,0,NA,NA,NA
"549","2024-05-07 (Tue)",NA,NA,NA,0,NA,NA,NA
"550","2024-05-06 (Mon)",NA,NA,NA,0,NA,NA,NA
"551","2024-05-05 (Sun)",NA,NA,NA,0,NA,NA,NA
"552","2024-05-04 (Sat)",NA,NA,NA,0.22,NA,NA,NA
"553","2024-05-03 (Fri)",NA,NA,NA,0,NA,NA,NA
"554","2024-05-02 (Thu)",NA,NA,NA,0,NA,NA,NA
"555","2024-05-01 (Wed)",NA,NA,NA,0,NA,NA,NA
"556","2024-04-30 (Tue)",NA,NA,NA,0,NA,NA,NA
"557","2024-04-29 (Mon)",NA,NA,NA,0,NA,NA,NA
"558","2024-04-28 (Sun)",NA,NA,NA,0,NA,NA,NA
"559","2024-04-27 (Sat)",NA,NA,NA,0,NA,NA,NA
"560","2024-04-26 (Fri)",NA,NA,NA,0,NA,NA,NA
"561","2024-04-25 (Thu)",NA,NA,NA,0,NA,NA,NA
"562","2024-04-24 (Wed)",NA,NA,NA,0,NA,NA,NA
"563","2024-04-23 (Tue)",NA,NA,NA,0,NA,NA,NA
"564","2024-04-22 (Mon)",NA,NA,NA,0.03,NA,NA,NA
"565","2024-04-21 (Sun)",NA,NA,NA,0,NA,NA,NA
"566","2024-04-20 (Sat)",NA,NA,NA,0,NA,NA,NA
"567","2024-04-19 (Fri)",NA,NA,NA,0.01,NA,NA,NA
"568","2024-04-18 (Thu)",NA,NA,NA,0,NA,NA,NA
"569","2024-04-17 (Wed)",NA,NA,NA,0,NA,NA,NA
"570","2024-04-16 (Tue)",NA,NA,NA,0,NA,NA,NA
"571","2024-04-15 (Mon)",NA,NA,NA,0,NA,NA,NA
"572","2024-04-14 (Sun)",NA,NA,NA,0.42,NA,NA,NA
"573","2024-04-13 (Sat)",NA,NA,NA,1.01,NA,NA,NA
"574","2024-04-12 (Fri)",NA,NA,NA,0,NA,NA,NA
"575","2024-04-11 (Thu)",NA,NA,NA,0,NA,NA,NA
"576","2024-04-10 (Wed)",NA,NA,NA,0,NA,NA,NA
"577","2024-04-09 (Tue)",NA,NA,NA,0,NA,NA,NA
"578","2024-04-08 (Mon)",NA,NA,NA,0,NA,NA,NA
"579","2024-04-07 (Sun)",NA,NA,NA,0,NA,NA,NA
"580","2024-04-06 (Sat)",NA,NA,NA,0,NA,NA,NA
"581","2024-04-05 (Fri)",NA,NA,NA,0.27,NA,NA,NA
"582","2024-04-04 (Thu)",NA,NA,NA,0.26,NA,NA,NA
"583","2024-04-03 (Wed)",NA,NA,NA,0,NA,NA,NA
"584","2024-04-02 (Tue)",NA,NA,NA,0,NA,NA,NA
"585","2024-04-01 (Mon)",NA,NA,NA,0,NA,NA,NA
"586","2024-03-31 (Sun)",NA,NA,NA,0.36,NA,NA,NA
"587","2024-03-30 (Sat)",NA,NA,NA,0.69,NA,NA,NA
"588","2024-03-29 (Fri)",NA,NA,NA,1.37,NA,NA,NA
"589","2024-03-28 (Thu)",NA,NA,NA,0,NA,NA,NA
"590","2024-03-27 (Wed)",NA,NA,NA,0,NA,NA,NA
"591","2024-03-26 (Tue)",NA,NA,NA,0,NA,NA,NA
"592","2024-03-25 (Mon)",NA,NA,NA,0,NA,NA,NA
"593","2024-03-24 (Sun)",NA,NA,NA,0.16,NA,NA,NA
"594","2024-03-23 (Sat)",NA,NA,NA,0.63,NA,NA,NA
"595","2024-03-22 (Fri)",NA,NA,NA,0.11,NA,NA,NA
"596","2024-03-21 (Thu)",NA,NA,NA,0,NA,NA,NA
"597","2024-03-20 (Wed)",NA,NA,NA,0,NA,NA,NA
"598","2024-03-19 (Tue)",NA,NA,NA,0,NA,NA,NA
"599","2024-03-18 (Mon)",NA,NA,NA,0,NA,NA,NA
"600","2024-03-17 (Sun)",NA,NA,NA,0,NA,NA,NA
"601","2024-03-16 (Sat)",NA,NA,NA,0,NA,NA,NA
"602","2024-03-15 (Fri)",NA,NA,NA,0,NA,NA,NA
"603","2024-03-14 (Thu)",NA,NA,NA,0,NA,NA,NA
"604","2024-03-13 (Wed)",NA,NA,NA,0,NA,NA,NA
"605","2024-03-12 (Tue)",NA,NA,NA,0,NA,NA,NA
"606","2024-03-11 (Mon)",NA,NA,NA,0,NA,NA,NA
"607","2024-03-10 (Sun)",NA,NA,NA,0,NA,NA,NA
"608","2024-03-09 (Sat)",NA,NA,NA,0,NA,NA,NA
"609","2024-03-08 (Fri)",NA,NA,NA,0,NA,NA,NA
"610","2024-03-07 (Thu)",NA,NA,NA,0.08,NA,NA,NA
"611","2024-03-06 (Wed)",NA,NA,NA,0.21,NA,NA,NA
"612","2024-03-05 (Tue)",NA,NA,NA,0.01,NA,NA,NA
"613","2024-03-04 (Mon)",NA,NA,NA,0,NA,NA,NA
"614","2024-03-03 (Sun)",NA,NA,NA,0.24,NA,NA,NA
"615","2024-03-02 (Sat)",NA,NA,NA,0.18,NA,NA,NA
"616","2024-03-01 (Fri)",NA,NA,NA,0.68,NA,NA,NA
"617","2024-02-29 (Thu)",NA,NA,NA,0.15,NA,NA,NA
"618","2024-02-28 (Wed)",NA,NA,NA,0,NA,NA,NA
"619","2024-02-27 (Tue)",NA,NA,NA,0,NA,NA,NA
"620","2024-02-26 (Mon)",NA,NA,NA,0,NA,NA,NA
"621","2024-02-25 (Sun)",NA,NA,NA,0,NA,NA,NA
"622","2024-02-24 (Sat)",NA,NA,NA,0,NA,NA,NA
"623","2024-02-23 (Fri)",NA,NA,NA,0,NA,NA,NA
"624","2024-02-22 (Thu)",NA,NA,NA,0,NA,NA,NA
"625","2024-02-21 (Wed)",NA,NA,NA,0.16,NA,NA,NA
"626","2024-02-20 (Tue)",NA,NA,NA,0.02,NA,NA,NA
"627","2024-02-19 (Mon)",NA,NA,NA,0.81,NA,NA,NA
"628","2024-02-18 (Sun)",NA,NA,NA,1.88,NA,NA,NA
"629","2024-02-17 (Sat)",NA,NA,NA,0.38,NA,NA,NA
"630","2024-02-16 (Fri)",NA,NA,NA,0,NA,NA,NA
"631","2024-02-15 (Thu)",NA,NA,NA,0.13,NA,NA,NA
"632","2024-02-14 (Wed)",NA,NA,NA,0,NA,NA,NA
"633","2024-02-13 (Tue)",NA,NA,NA,0,NA,NA,NA
"634","2024-02-12 (Mon)",NA,NA,NA,0,NA,NA,NA
"635","2024-02-11 (Sun)",NA,NA,NA,0,NA,NA,NA
"636","2024-02-10 (Sat)",NA,NA,NA,0,NA,NA,NA
"637","2024-02-09 (Fri)",NA,NA,NA,0.01,NA,NA,NA
"638","2024-02-08 (Thu)",NA,NA,NA,0.03,NA,NA,NA
"639","2024-02-07 (Wed)",NA,NA,NA,0.53,NA,NA,NA
"640","2024-02-06 (Tue)",NA,NA,NA,0.11,NA,NA,NA
"641","2024-02-05 (Mon)",NA,NA,NA,0.08,NA,NA,NA
"642","2024-02-04 (Sun)",NA,NA,NA,4.18,NA,NA,NA
"643","2024-02-03 (Sat)",NA,NA,NA,0.27,NA,NA,NA
"644","2024-02-02 (Fri)",NA,NA,NA,0.04,NA,NA,NA
"645","2024-02-01 (Thu)",NA,NA,NA,1.28,NA,NA,NA
"646","2024-01-31 (Wed)",NA,NA,NA,1.27,NA,NA,NA
"647","2024-01-30 (Tue)",NA,NA,NA,0,NA,NA,NA
"648","2024-01-29 (Mon)",NA,NA,NA,0,NA,NA,NA
"649","2024-01-28 (Sun)",NA,NA,NA,0,NA,NA,NA
"650","2024-01-27 (Sat)",NA,NA,NA,0,NA,NA,NA
"651","2024-01-26 (Fri)",NA,NA,NA,0,NA,NA,NA
"652","2024-01-25 (Thu)",NA,NA,NA,0.03,NA,NA,NA
"653","2024-01-24 (Wed)",NA,NA,NA,0.14,NA,NA,NA
"654","2024-01-23 (Tue)",NA,NA,NA,0.02,NA,NA,NA
"655","2024-01-22 (Mon)",NA,NA,NA,0.58,NA,NA,NA
"656","2024-01-21 (Sun)",NA,NA,NA,0.12,NA,NA,NA
"657","2024-01-20 (Sat)",NA,NA,NA,0.47,NA,NA,NA
"658","2024-01-19 (Fri)",NA,NA,NA,0.18,NA,NA,NA
"659","2024-01-18 (Thu)",NA,NA,NA,0,NA,NA,NA
"660","2024-01-17 (Wed)",NA,NA,NA,0,NA,NA,NA
"661","2024-01-16 (Tue)",NA,NA,NA,0,NA,NA,NA
"662","2024-01-15 (Mon)",NA,NA,NA,0.01,NA,NA,NA
"663","2025-01-20 (Mon)",NA,NA,NA,NA,0,NA,NA
"664","2025-01-19 (Sun)",NA,NA,NA,NA,0,NA,NA
"665","2025-01-18 (Sat)",NA,NA,NA,NA,0,NA,NA
"666","2025-01-17 (Fri)",NA,NA,NA,NA,0,NA,NA
"667","2025-01-16 (Thu)",NA,NA,NA,NA,0,NA,NA
"668","2025-01-15 (Wed)",NA,NA,NA,NA,0,NA,NA
"669","2025-01-14 (Tue)",NA,NA,NA,NA,0,NA,NA
"670","2025-01-13 (Mon)",NA,NA,NA,NA,0,NA,NA
"671","2025-01-12 (Sun)",NA,NA,NA,NA,0,NA,NA
"672","2025-01-11 (Sat)",NA,NA,NA,NA,0,NA,NA
"673","2025-01-10 (Fri)",NA,NA,NA,NA,0,NA,NA
"674","2025-01-09 (Thu)",NA,NA,NA,NA,0,NA,NA
"675","2025-01-08 (Wed)",NA,NA,NA,NA,0,NA,NA
"676","2025-01-07 (Tue)",NA,NA,NA,NA,0,NA,NA
"677","2025-01-06 (Mon)",NA,NA,NA,NA,0,NA,NA
"678","2025-01-05 (Sun)",NA,NA,NA,NA,0,NA,NA
"679","2025-01-04 (Sat)",NA,NA,NA,NA,0,NA,NA
"680","2025-01-03 (Fri)",NA,NA,NA,NA,0,NA,NA
"681","2025-01-02 (Thu)",NA,NA,NA,NA,0,NA,NA
"682","2025-01-01 (Wed)",NA,NA,NA,NA,0,NA,NA
"683","2024-12-31 (Tue)",NA,NA,NA,NA,0,NA,NA
"684","2024-12-30 (Mon)",NA,NA,NA,NA,0,NA,NA
"685","2024-12-29 (Sun)",NA,NA,NA,NA,0.01,NA,NA
"686","2024-12-05 (Thu)",NA,NA,NA,NA,0,NA,NA
"687","2024-12-04 (Wed)",NA,NA,NA,NA,0,NA,NA
