Date,Rain (in)
2026-01-19 (Mon),0
2026-01-18 (Sun),0.03
2026-01-17 (Sat),0
2026-01-16 (Fri),0.03
2026-01-15 (Thu),0
2026-01-14 (Wed),0
2026-01-13 (Tue),0.11
2026-01-12 (Mon),0
2026-01-11 (Sun),0
2026-01-10 (Sat),0
2026-01-09 (Fri),0
2026-01-08 (Thu),0
2026-01-07 (Wed),0
2026-01-06 (Tue),0
2026-01-05 (Mon),0
2026-01-04 (Sun),0.01
2026-01-03 (Sat),0.81
2026-01-02 (Fri),0.12
2026-01-01 (Thu),0.31
2025-12-31 (Wed),1.22
2025-12-30 (Tue),0
2025-12-29 (Mon),0
2025-12-28 (Sun),0
2025-12-27 (Sat),0
2025-12-26 (Fri),0
2025-12-25 (Thu),0
2025-12-24 (Wed),0.13
2025-12-23 (Tue),1.54
2025-12-22 (Mon),0.04
2025-12-21 (Sun),0.01
2025-12-20 (Sat),0.02
2025-12-19 (Fri),0.02
2025-12-18 (Thu),0
2025-12-17 (Wed),0
2025-12-16 (Tue),0
2025-12-15 (Mon),0.03
2025-12-14 (Sun),0.01
2025-12-13 (Sat),0
2025-12-12 (Fri),0
2025-12-11 (Thu),0.09
2025-12-10 (Wed),0.03
2025-12-09 (Tue),0.03
2025-12-08 (Mon),0.22
2025-12-07 (Sun),0.05
2025-12-06 (Sat),0
2025-12-05 (Fri),0
2025-12-04 (Thu),0
2025-12-03 (Wed),0
2025-12-02 (Tue),0
2025-12-01 (Mon),0
2025-11-30 (Sun),0
2025-11-29 (Sat),0
2025-11-28 (Fri),0
2025-11-27 (Thu),0
2025-11-26 (Wed),0
2025-11-25 (Tue),0
2025-11-24 (Mon),0
2025-11-23 (Sun),0
2025-11-22 (Sat),0
2025-11-21 (Fri),0
2025-11-20 (Thu),0.05
2025-11-19 (Wed),0
2025-11-18 (Tue),0
2025-11-17 (Mon),0.21
2025-11-16 (Sun),0.15
2025-11-15 (Sat),0.06
2025-11-14 (Fri),0.04
2025-11-13 (Thu),1.94
2025-11-12 (Wed),0
2025-11-11 (Tue),0
2025-11-10 (Mon),0
2025-11-09 (Sun),0
2025-11-08 (Sat),0
2025-11-07 (Fri),0
2025-11-06 (Thu),0
2025-11-05 (Wed),0
2025-11-04 (Tue),0
2025-11-03 (Mon),0.01
2025-11-02 (Sun),0
2025-11-01 (Sat),0
2025-10-31 (Fri),0
2025-10-30 (Thu),0
2025-10-29 (Wed),0
2025-10-28 (Tue),0
2025-10-27 (Mon),0
2025-10-26 (Sun),0
2025-10-25 (Sat),0
2025-10-24 (Fri),0
2025-10-23 (Thu),0
2025-10-22 (Wed),0
2025-10-21 (Tue),0
2025-10-20 (Mon),0
2025-10-19 (Sun),0
2025-10-18 (Sat),0
2025-10-17 (Fri),0
2025-10-16 (Thu),0
2025-10-15 (Wed),0
2025-10-14 (Tue),0.67
2025-10-13 (Mon),0.27
2025-10-12 (Sun),0
2025-10-11 (Sat),0
2025-10-10 (Fri),0
2025-10-09 (Thu),0.01
2025-10-08 (Wed),0
2025-10-07 (Tue),0
2025-10-06 (Mon),0
2025-10-05 (Sun),0
2025-10-04 (Sat),0
2025-10-03 (Fri),0
2025-10-02 (Thu),0
2025-10-01 (Wed),0